epoch,epoch_duration,loss,total_time,val_loss
0,43.17148399353027,13.769392967224121,48.96691155433655,13.294788360595703
1,2.2602131366729736,12.432384490966797,53.416332721710205,12.06765079498291
2,2.1081528663635254,11.842035293579102,55.53954291343689,11.011659622192383
3,2.1100292205810547,11.04953670501709,57.66505408287048,10.052560806274414
4,2.1363608837127686,10.477884292602539,60.24024772644043,9.132123947143555
5,2.791175127029419,9.444387435913086,63.046870470047,8.233621597290039
6,2.5802199840545654,8.65108871459961,67.94574737548828,7.364394187927246
7,2.2061922550201416,7.937680244445801,72.68270349502563,6.552155017852783
8,2.2870748043060303,6.9861907958984375,75.31419682502747,5.8072967529296875
9,2.2808873653411865,6.494551658630371,77.85959982872009,5.117691516876221
10,2.1486289501190186,5.849770545959473,80.0231466293335,4.470521926879883
11,2.145665168762207,5.391185760498047,82.57006907463074,3.8716630935668945
12,2.1567764282226562,4.790246486663818,84.74414491653442,3.313760757446289
13,2.239431381225586,4.240379810333252,86.99935245513916,2.7999844551086426
14,2.2392756938934326,3.7115306854248047,89.55083918571472,2.3385164737701416
15,2.1729493141174316,3.502965211868286,92.03596115112305,1.9377014636993408
16,2.186739921569824,3.06827449798584,94.23738265037537,1.5958383083343506
0,44.435283184051514,11.749944686889648,48.416348695755005,11.188965797424316
1,2.2744224071502686,10.868195533752441,52.381279706954956,10.076009750366211
2,2.244154214859009,10.29576301574707,54.90181112289429,9.091667175292969
3,2.3718910217285156,9.517683029174805,57.58076596260071,8.192340850830078
4,2.335160493850708,8.422182083129883,60.095040798187256,7.336887359619141
5,2.240237236022949,7.698818683624268,62.551833629608154,6.52305793762207
6,2.247265577316284,6.954883575439453,64.81500625610352,5.751010894775391
7,2.2616384029388428,6.31820011138916,67.3784351348877,5.044654369354248
8,2.87577748298645,5.751957416534424,70.26989841461182,4.408052921295166
9,2.3430893421173096,4.989326477050781,72.63862872123718,3.837204694747925
10,2.2627201080322266,4.7971882820129395,74.91683673858643,3.316606044769287
11,2.2604877948760986,4.347410678863525,77.19254899024963,2.846757650375366
12,2.3108105659484863,3.5955862998962402,79.79237294197083,2.4385759830474854
13,2.4071292877197266,3.475931167602539,82.21552896499634,2.091115951538086
14,2.4923627376556396,2.984846591949463,84.85095405578613,1.800853967666626
15,2.3373794555664062,2.861697196960449,87.2490439414978,1.5602474212646484
16,2.307063341140747,2.5170295238494873,89.57183766365051,1.3613452911376953
17,2.338080883026123,2.5374531745910645,91.92573952674866,1.195328950881958
18,2.9291207790374756,2.381845474243164,94.87062692642212,1.0527780055999756
19,2.4947383403778076,2.063779354095459,97.3876142501831,0.9317123293876648
20,2.3288075923919678,1.880535364151001,99.77527141571045,0.8325400352478027
21,2.3461265563964844,1.7788294553756714,102.13860321044922,0.7549319863319397
22,2.383199453353882,1.7698311805725098,104.72520709037781,0.6957376003265381
23,2.978438138961792,1.710923433303833,107.8705563545227,0.6523205041885376
24,2.3350908756256104,1.6720242500305176,110.22159552574158,0.6213514804840088
25,2.341642379760742,1.5645288228988647,112.57978224754333,0.5993987321853638
26,2.351572275161743,1.5207457542419434,114.94808864593506,0.5837050080299377
27,2.3207919597625732,1.4823392629623413,117.46700668334961,0.5723011493682861
28,2.388885498046875,1.410775899887085,119.8710424900055,0.5637745261192322
29,2.4215893745422363,1.387803316116333,122.31368684768677,0.5570260286331177
30,2.3057069778442383,1.3380036354064941,124.75180244445801,0.5514180660247803
31,2.2982401847839355,1.300795555114746,127.29436111450195,0.5465312004089355
32,2.305453062057495,1.3129961490631104,129.85275220870972,0.5420687198638916
33,2.9055216312408447,1.231576681137085,132.77421402931213,0.5379241704940796
34,2.265069007873535,1.264660358428955,135.05540704727173,0.5339874029159546
35,2.2793760299682617,1.2200043201446533,137.35052680969238,0.5301352143287659
36,2.2771692276000977,1.1831610202789307,139.89739847183228,0.5264922380447388
37,2.2633957862854004,1.1917953491210938,142.17967557907104,0.5229384899139404
38,2.3693747520446777,1.1690750122070312,144.5659999847412,0.5194493532180786
39,2.3617475032806396,1.1027984619140625,146.9490261077881,0.5160088539123535
40,2.3157246112823486,1.0968313217163086,149.45921754837036,0.512595534324646
41,2.288823366165161,1.0724308490753174,151.76486349105835,0.5092452764511108
42,2.2979509830474854,1.0819709300994873,154.32252264022827,0.5059133768081665
43,2.8938355445861816,1.0473225116729736,157.47492837905884,0.5025438070297241
44,2.3224892616271973,1.0861830711364746,159.81782579421997,0.49921348690986633
45,2.2811472415924072,1.028439998626709,162.32964873313904,0.49602872133255005
46,2.286456823348999,1.021990418434143,164.6330530643463,0.49294453859329224
47,2.300452709197998,0.9977272748947144,166.94890713691711,0.4899104833602905
48,2.911713123321533,0.9640754461288452,170.10957717895508,0.48695212602615356
49,2.3082096576690674,0.9856284260749817,172.4329879283905,0.4840061068534851
50,2.3475282192230225,0.9618915915489197,175.02232837677002,0.4811619222164154
51,2.33500599861145,0.9326282143592834,177.5638198852539,0.4783809185028076
52,2.3273122310638428,0.9455491304397583,180.1081781387329,0.4757121801376343
53,2.5452868938446045,0.8658135533332825,182.6750786304474,0.47316092252731323
54,2.3217272758483887,0.866152822971344,185.01211738586426,0.4707094132900238
55,2.3203752040863037,0.8576080799102783,187.5603849887848,0.4683218002319336
56,2.308962345123291,0.8653931617736816,189.8851399421692,0.4660152792930603
57,2.3114542961120605,0.8145298957824707,192.43742299079895,0.46376317739486694
58,2.523996353149414,0.8377450704574585,195.20406937599182,0.46158117055892944
59,2.3142218589782715,0.7966305017471313,197.53382301330566,0.4594287574291229
60,2.2933053970336914,0.802828311920166,199.84395718574524,0.4573170244693756
61,2.309887409210205,0.8058881163597107,202.16945242881775,0.45527422428131104
62,2.2896227836608887,0.77839195728302,204.47517490386963,0.45328521728515625
63,2.903211832046509,0.760218620300293,207.63945984840393,0.4513627886772156
64,2.312880516052246,0.7634850740432739,212.1593337059021,0.44948291778564453
65,2.276597023010254,0.7292805314064026,214.45177149772644,0.44769012928009033
66,2.29929256439209,0.72670578956604,216.76699590682983,0.4459492564201355
67,2.9300434589385986,0.7206515073776245,219.71460485458374,0.44425666332244873
68,2.2852699756622314,0.7151969075202942,222.01573967933655,0.4426206350326538
69,2.2898917198181152,0.7063503861427307,224.32105350494385,0.441052109003067
70,2.3021047115325928,0.697370171546936,226.6393165588379,0.43954724073410034
71,2.2914886474609375,0.6810314059257507,228.94624280929565,0.43806761503219604
72,2.9142165184020996,0.6748669743537903,232.11894750595093,0.43663662672042847
73,2.3581290245056152,0.6608202457427979,236.6734972000122,0.4352527856826782
74,2.302339553833008,0.6508839130401611,238.99234771728516,0.43388697504997253
75,2.3114266395568848,0.6520204544067383,241.55376625061035,0.43254655599594116
76,2.923754930496216,0.6506657600402832,244.49387788772583,0.4312272071838379
77,2.369381904602051,0.6770480871200562,249.04929900169373,0.4299561679363251
78,2.2882273197174072,0.6531736254692078,251.35309410095215,0.4286836087703705
79,2.9034221172332764,0.6180570125579834,254.2715744972229,0.4274134039878845
80,3.0139143466949463,0.6338982582092285,257.30252289772034,0.4261903166770935
81,2.295372486114502,0.6233071088790894,259.61368465423584,0.42497017979621887
82,2.3230044841766357,0.6244474053382874,262.1912100315094,0.423766553401947
83,2.307050943374634,0.5949483513832092,264.7247700691223,0.422568142414093
84,2.91896915435791,0.6159040927886963,267.65961599349976,0.4213868975639343
85,2.3572800159454346,0.5978604555130005,272.20893931388855,0.4202348589897156
86,2.293272018432617,0.582427978515625,274.51750111579895,0.41910290718078613
87,2.292534589767456,0.6259336471557617,277.06602215766907,0.41798388957977295
88,2.390141010284424,0.583932638168335,279.71339750289917,0.41686370968818665
89,2.3717873096466064,0.5779802203178406,282.1055212020874,0.41574016213417053
90,2.31099009513855,0.603602409362793,284.4321036338806,0.4146225154399872
91,2.294642925262451,0.5743715763092041,286.74197030067444,0.4135201573371887
92,2.3079781532287598,0.5775665044784546,289.0658299922943,0.4124164879322052
93,2.4277613162994385,0.5733127593994141,291.7343611717224,0.41132551431655884
94,2.4565205574035645,0.5668745040893555,294.3138425350189,0.4102361798286438
95,2.2930216789245605,0.5629697442054749,296.62452363967896,0.40915751457214355
96,2.300333023071289,0.5689378976821899,299.18317198753357,0.4080738425254822
97,2.290545701980591,0.5664424896240234,301.48972511291504,0.4069855511188507
98,2.901906728744507,0.5388689637184143,304.40729331970215,0.40586012601852417
99,2.3520352840423584,0.5525978803634644,308.9673902988434,0.40474092960357666
100,2.2844860553741455,0.5631837248802185,311.45003366470337,0.4036112427711487
101,2.2942471504211426,0.5435372591018677,314.010390996933,0.4024938642978668
102,2.4339325428009033,0.5451529026031494,316.70066118240356,0.40136176347732544
103,2.3718791007995605,0.5415432453155518,319.1872982978821,0.4002434015274048
104,2.3056600093841553,0.5343745350837708,321.67306327819824,0.3991125822067261
105,2.29984450340271,0.5336815118789673,323.9886689186096,0.3979770839214325
106,2.29770827293396,0.5189538598060608,326.301789522171,0.39683061838150024
107,2.924510955810547,0.5447788834571838,329.24193954467773,0.3956925868988037
108,2.3391480445861816,0.5421080589294434,333.76633739471436,0.3945657014846802
109,2.2991278171539307,0.5220557451248169,336.0817699432373,0.39348044991493225
110,2.9146485328674316,0.5280446410179138,339.24755930900574,0.39238104224205017
111,2.9217076301574707,0.5122199654579163,342.1857693195343,0.3912646174430847
112,2.35937762260437,0.5196439027786255,346.7336368560791,0.39015036821365356
113,2.2930359840393066,0.5103297233581543,349.21812915802,0.3890381157398224
114,2.313001871109009,0.5180512070655823,351.5472013950348,0.387916624546051
115,2.9251513481140137,0.5247479677200317,354.4897701740265,0.3868112862110138
116,2.355149745941162,0.514622688293457,359.03036642074585,0.3857164978981018
117,2.310375213623047,0.5130736827850342,361.3568091392517,0.3846123218536377
118,2.307666540145874,0.5020908117294312,363.6812665462494,0.3834907114505768
119,2.420856237411499,0.5017392039299011,366.34311270713806,0.3823513388633728
120,2.4517862796783447,0.49858760833740234,368.92508459091187,0.3812122941017151
121,2.3215701580047607,0.5148649215698242,371.2631003856659,0.38006657361984253
122,2.3171000480651855,0.4822870194911957,373.59776544570923,0.37892019748687744
123,2.3116307258605957,0.5034089088439941,375.9257960319519,0.3777579069137573
124,2.466501474380493,0.4782600402832031,378.6303164958954,0.37660878896713257
125,2.3902621269226074,0.4932401180267334,381.04410195350647,0.3754650950431824
126,2.3141300678253174,0.4869590103626251,383.3742446899414,0.3743326961994171
127,2.3153111934661865,0.4879463016986847,385.92640137672424,0.3732057213783264
128,2.309558629989624,0.49120375514030457,388.25205850601196,0.3720906376838684
129,2.3775227069854736,0.4970848560333252,390.87052059173584,0.3710009753704071
130,2.977736234664917,0.4845631420612335,394.02032804489136,0.36990946531295776
131,2.3283257484436035,0.5052709579467773,398.4829330444336,0.3688313961029053
132,2.2798118591308594,0.4749687910079956,400.77934288978577,0.3677571713924408
133,2.3676626682281494,0.47439995408058167,403.1635091304779,0.3666647672653198
134,2.375506639480591,0.4741547405719757,405.7227849960327,0.36558908224105835
135,2.298097610473633,0.47462886571884155,408.1986129283905,0.36451834440231323
136,2.306831121444702,0.4766108989715576,410.52281856536865,0.3634639382362366
137,2.3076353073120117,0.47118711471557617,412.84677958488464,0.36240363121032715
138,2.4178407192230225,0.4699156880378723,415.2814452648163,0.36136549711227417
139,2.4280614852905273,0.47106558084487915,417.7306034564972,0.36031579971313477
140,2.2970824241638184,0.4599699378013611,420.1596374511719,0.3592733144760132
141,2.3095030784606934,0.45540109276771545,422.72258949279785,0.3582427501678467
142,2.301779270172119,0.44642239809036255,425.2664113044739,0.35720333456993103
143,2.415849447250366,0.4607475996017456,427.7000210285187,0.3561597168445587
144,2.498230457305908,0.4634460508823395,430.22092938423157,0.35514166951179504
145,2.3032283782958984,0.460956335067749,432.54068207740784,0.3541077673435211
146,2.314594030380249,0.46363234519958496,434.8715867996216,0.3530767261981964
147,2.3173584938049316,0.45726990699768066,437.42395639419556,0.3520294427871704
148,2.318852663040161,0.4617832899093628,439.7583837509155,0.3509795069694519
149,2.5016133785247803,0.45059844851493835,442.2837836742401,0.34993258118629456
150,2.3104918003082275,0.44823774695396423,444.61355209350586,0.34888020157814026
151,2.3030755519866943,0.4464382529258728,447.1596210002899,0.3478289544582367
152,2.3082664012908936,0.4487680196762085,449.7155888080597,0.3467785716056824
153,2.29598331451416,0.45371541380882263,452.2569613456726,0.34571945667266846
154,2.5089406967163086,0.4446645975112915,455.0225348472595,0.3446657657623291
155,2.310641288757324,0.44329506158828735,457.34869599342346,0.3435916304588318
156,2.2976901531219482,0.44359150528907776,459.6622784137726,0.3425096571445465
157,2.317884922027588,0.44130292534828186,461.99753761291504,0.3414371609687805
158,2.290048599243164,0.4476170539855957,464.30380630493164,0.3403604030609131
159,2.923907518386841,0.4503880739212036,467.2437815666199,0.33929431438446045
160,2.3441779613494873,0.44054949283599854,471.7780113220215,0.338241308927536
161,2.2968833446502686,0.4431634247303009,474.280513048172,0.33719879388809204
162,2.2951819896698,0.4386557340621948,476.829580783844,0.3361693322658539
163,2.959052324295044,0.4350152015686035,479.8045234680176,0.3351339101791382
164,2.346674680709839,0.4297294616699219,484.30152225494385,0.33410900831222534
165,2.2931740283966064,0.4347234070301056,486.6145513057709,0.3331010937690735
166,2.3150558471679688,0.43132781982421875,488.9465684890747,0.3321108818054199
167,2.9291903972625732,0.43773484230041504,491.8929455280304,0.33112436532974243
168,2.31396746635437,0.4294210374355316,494.2233555316925,0.3301233947277069
169,2.309900999069214,0.429463267326355,496.5510184764862,0.32911157608032227
170,2.319908618927002,0.42468586564064026,498.89004015922546,0.3281182646751404
171,2.310863971710205,0.4265329837799072,501.2168560028076,0.3271331191062927
172,2.4182283878326416,0.4399770498275757,503.87353348731995,0.3261522650718689
173,2.4380273818969727,0.4224395751953125,506.44979667663574,0.3251669108867645
174,2.336254358291626,0.422072172164917,508.9018089771271,0.3241616487503052
175,2.3376073837280273,0.4058889150619507,511.4541654586792,0.3231433033943176
176,2.3179373741149902,0.42208319902420044,513.9855673313141,0.32212185859680176
177,2.980733871459961,0.41743379831314087,517.1990036964417,0.3211097717285156
178,2.2972049713134766,0.4168938398361206,519.5129489898682,0.3201174736022949
179,2.3102691173553467,0.41303110122680664,522.0761466026306,0.31912556290626526
180,2.309546947479248,0.41715872287750244,524.6276590824127,0.318144828081131
181,2.3189992904663086,0.4156906008720398,526.9626874923706,0.3171834349632263
182,2.4983999729156494,0.41094404458999634,529.6913633346558,0.3162209987640381
183,2.299351930618286,0.4224383234977722,532.0082085132599,0.3152778744697571
184,2.2790932655334473,0.4171849191188812,534.5376679897308,0.3143138885498047
185,2.2878692150115967,0.41404080390930176,537.0973289012909,0.313326358795166
186,2.2857038974761963,0.41132694482803345,539.6459386348724,0.31231874227523804
187,2.526359796524048,0.40485307574272156,542.1920204162598,0.31133949756622314
188,2.303231954574585,0.4081957936286926,544.5242846012115,0.31037625670433044
189,2.2932748794555664,0.40604525804519653,546.8334641456604,0.30941659212112427
190,2.2944791316986084,0.4022928774356842,549.144847869873,0.3084716796875
191,2.3022899627685547,0.4073895514011383,551.463312625885,0.3075069785118103
192,2.9156112670898438,0.41007673740386963,554.3961410522461,0.30657070875167847
193,2.3402695655822754,0.41509634256362915,558.9312028884888,0.3056449294090271
194,2.287541627883911,0.4005465507507324,561.2351472377777,0.30469632148742676
195,2.30216121673584,0.40262389183044434,563.7985861301422,0.3037155568599701
196,2.3933770656585693,0.40731579065322876,566.4391651153564,0.3027302026748657
197,2.422637701034546,0.39854365587234497,568.8881204128265,0.30174416303634644
198,2.304253101348877,0.3943421244621277,571.2087602615356,0.3007655739784241
199,2.326171636581421,0.39748430252075195,573.5519690513611,0.2997890114784241
200,2.3240292072296143,0.3958032727241516,575.8927292823792,0.2988048493862152
201,2.435609817504883,0.3945368230342865,578.3447713851929,0.29783380031585693
202,2.401587963104248,0.4058535099029541,580.769293308258,0.2968827486038208
203,2.3115615844726562,0.39695417881011963,583.2299716472626,0.29593130946159363
204,2.3231215476989746,0.39554649591445923,585.7910459041595,0.29498928785324097
205,2.3188509941101074,0.3976435363292694,588.1264734268188,0.29404014348983765
206,2.4090821743011475,0.39466702938079834,590.7657747268677,0.2931223213672638
207,2.3891358375549316,0.3879375457763672,593.2959475517273,0.29218602180480957
208,2.301007032394409,0.3749886751174927,595.6187400817871,0.29123401641845703
209,2.302114248275757,0.38183653354644775,597.9371628761292,0.29028642177581787
210,2.3018243312835693,0.39513158798217773,600.2560074329376,0.28932881355285645
211,2.9406442642211914,0.37637823820114136,603.2176215648651,0.2883487343788147
212,2.3870537281036377,0.3853141665458679,605.6308162212372,0.2873555123806
213,2.3170955181121826,0.3684135675430298,608.1113514900208,0.286382257938385
214,2.296381950378418,0.38013148307800293,610.4259655475616,0.2854219079017639
215,2.318713903427124,0.37881574034690857,612.7630090713501,0.2844693660736084
216,2.3907151222229004,0.37731248140335083,615.3847165107727,0.28352290391921997
217,2.3928701877593994,0.37924885749816895,617.9369268417358,0.282604455947876
218,2.2934937477111816,0.3768179416656494,620.246157169342,0.28167107701301575
219,2.309568405151367,0.3706090748310089,622.8170220851898,0.2807424068450928
220,2.338075637817383,0.38891154527664185,625.1719272136688,0.27982765436172485
221,2.4099884033203125,0.37943920493125916,627.5993754863739,0.27891042828559875
222,2.9811465740203857,0.37802767753601074,630.7212433815002,0.27798834443092346
223,2.299808979034424,0.3709107041358948,633.0370142459869,0.2770860195159912
224,2.3123905658721924,0.36922115087509155,635.3655338287354,0.27613502740859985
225,2.2967729568481445,0.3697469234466553,637.6785087585449,0.2751682996749878
226,2.9084222316741943,0.3633776009082794,640.8395397663116,0.2741883397102356
227,2.3383302688598633,0.37676507234573364,645.3808324337006,0.2732422351837158
228,2.3115932941436768,0.3622508645057678,647.7117595672607,0.27232274413108826
229,2.302191734313965,0.36405593156814575,650.2535347938538,0.2714436650276184
230,2.4361400604248047,0.3581099510192871,652.940212726593,0.27059417963027954
231,2.4189577102661133,0.3558700978755951,655.4737374782562,0.2697381377220154
232,2.296227216720581,0.37839749455451965,657.786773443222,0.26885440945625305
233,2.3185224533081055,0.3676019608974457,660.3585760593414,0.26790696382522583
234,2.9330356121063232,0.3572841286659241,663.3085401058197,0.2670064866542816
235,2.9327383041381836,0.3546225428581238,666.2583065032959,0.2661020755767822
236,2.3216724395751953,0.36629605293273926,668.5963006019592,0.2652282416820526
237,2.3174068927764893,0.3635709881782532,670.9304537773132,0.26439136266708374
238,2.3244762420654297,0.3595312237739563,673.2710545063019,0.2635493278503418
239,2.3497204780578613,0.3592856526374817,675.6373131275177,0.262645423412323
240,2.925379514694214,0.3567872643470764,678.5798532962799,0.2617098093032837
241,2.325805902481079,0.35362958908081055,680.9228844642639,0.2608000338077545
242,2.3059487342834473,0.3553811311721802,683.4529757499695,0.2598686218261719
243,2.309894323348999,0.3538486063480377,686.006674528122,0.25891751050949097
244,2.9185712337493896,0.3533141613006592,689.165857553482,0.25798553228378296
245,2.315448045730591,0.3620612621307373,693.6740665435791,0.25711408257484436
246,2.296290397644043,0.3557753562927246,695.9869894981384,0.2562687397003174
247,2.304100513458252,0.34832483530044556,698.5448369979858,0.2554667294025421
248,2.912301778793335,0.3541210889816284,701.7043342590332,0.25468209385871887
249,2.341292381286621,0.35682421922683716,706.2473216056824,0.25391703844070435
250,2.305677652359009,0.3526519536972046,708.7619755268097,0.2530965209007263
251,2.2788493633270264,0.34467533230781555,711.0570440292358,0.25225526094436646
252,2.927560329437256,0.35236406326293945,714.0009791851044,0.2514030933380127
253,2.4009368419647217,0.35713183879852295,716.4285137653351,0.2505686283111572
254,2.289029359817505,0.35512715578079224,718.7346949577332,0.24968895316123962
255,2.3197827339172363,0.35099467635154724,721.0711381435394,0.2488057017326355
256,2.3103928565979004,0.3468766212463379,723.6111965179443,0.24796366691589355
257,2.93037748336792,0.3476529121398926,726.7834625244141,0.24714557826519012
258,2.3304905891418457,0.33983176946640015,729.1336832046509,0.24634294211864471
259,2.3133702278137207,0.3377254605293274,731.4638531208038,0.24551202356815338
260,2.3097407817840576,0.3450331687927246,733.7924838066101,0.24469850957393646
261,2.314268112182617,0.35070258378982544,736.1251041889191,0.24395246803760529
262,2.4377248287200928,0.3269661068916321,738.5798254013062,0.24324162304401398
263,2.398209571838379,0.32712051272392273,741.00226354599,0.24252597987651825
264,2.3136889934539795,0.3355426788330078,743.3324890136719,0.24180683493614197
265,2.3232498168945312,0.3367714285850525,745.6721203327179,0.24111783504486084
266,2.306403160095215,0.34071192145347595,747.9956631660461,0.24040615558624268
267,2.928870677947998,0.3376251459121704,750.941641330719,0.23968876898288727
268,2.434666156768799,0.33107948303222656,753.3984432220459,0.23898746073246002
269,2.295119047164917,0.3251173496246338,755.7106506824493,0.23833101987838745
270,2.3015830516815186,0.32873082160949707,758.2661266326904,0.23763936758041382
271,2.3107526302337646,0.33451220393180847,760.5934805870056,0.23700474202632904
272,2.4230246543884277,0.327441930770874,763.0356893539429,0.23634523153305054
273,2.370004415512085,0.3398423194885254,765.4307022094727,0.23570623993873596
274,2.302947759628296,0.32848411798477173,767.7513468265533,0.2350422441959381
275,2.3000783920288086,0.33489513397216797,770.2984046936035,0.23437118530273438
276,2.2934281826019287,0.3306698799133301,772.6080150604248,0.23367200791835785
277,2.9311435222625732,0.32629913091659546,775.5563321113586,0.23290935158729553
278,2.370176315307617,0.32668089866638184,777.9517586231232,0.2321285903453827
279,2.2917232513427734,0.31842488050460815,780.260977268219,0.23134741187095642
280,2.3107945919036865,0.32240429520606995,782.5888466835022,0.23056969046592712
281,2.291135311126709,0.3193889260292053,785.1192791461945,0.22975561022758484
282,2.3810765743255615,0.31877607107162476,787.5176057815552,0.2289799302816391
283,2.382582426071167,0.3210216760635376,789.923362493515,0.22819030284881592
284,2.302988052368164,0.3143395185470581,792.2430927753448,0.22749681770801544
285,2.3229353427886963,0.322950541973114,794.8122539520264,0.22680702805519104
286,2.340975284576416,0.3161247968673706,797.1700706481934,0.22610178589820862
287,2.9154555797576904,0.31792551279067993,800.1025762557983,0.2253991663455963
288,2.3601670265197754,0.32377517223358154,804.6575672626495,0.2246723175048828
289,2.305419683456421,0.31860458850860596,806.9798076152802,0.2238759994506836
290,2.296004295349121,0.3123754858970642,809.5202302932739,0.2230897843837738
291,2.383943796157837,0.3107718229293823,811.9209880828857,0.222297802567482
292,2.3949360847473145,0.31351006031036377,814.4817008972168,0.2215595245361328
293,2.311506986618042,0.3165459632873535,816.8105337619781,0.22084207832813263
294,2.316659450531006,0.32258421182632446,819.1445388793945,0.22016681730747223
295,2.3170371055603027,0.31365638971328735,821.4816591739655,0.21953371167182922
296,2.9357874393463135,0.31482821702957153,824.6507823467255,0.2189665138721466
297,2.3854708671569824,0.31683894991874695,829.2105677127838,0.21841230988502502
298,2.308744192123413,0.3174766004085541,831.6844065189362,0.21782967448234558
299,2.29752516746521,0.30947345495224,834.0012457370758,0.21722638607025146
300,2.9156463146209717,0.3062947988510132,837.1700639724731,0.2166304886341095
301,2.3601696491241455,0.3082056939601898,841.7258179187775,0.21602384746074677
302,2.294447660446167,0.31305068731307983,844.0382659435272,0.21536609530448914
303,2.3154118061065674,0.31198012828826904,846.6088471412659,0.2146189659833908
304,2.929964542388916,0.3056676387786865,849.5571439266205,0.21388855576515198
305,2.325415849685669,0.30453017354011536,851.9046456813812,0.21321134269237518
306,2.3139774799346924,0.3060932159423828,854.450455904007,0.21258290112018585
307,2.3077852725982666,0.3072032928466797,856.7743141651154,0.21195390820503235
308,2.304494619369507,0.2984413206577301,859.0953645706177,0.21134643256664276
309,2.940186023712158,0.3033658266067505,862.0520129203796,0.21074408292770386
310,2.3502697944641113,0.3036845028400421,866.5727818012238,0.21013672649860382
311,2.3064699172973633,0.3011588454246521,869.0790727138519,0.20952175557613373
312,2.319795608520508,0.3052608072757721,871.4171197414398,0.20891842246055603
313,2.3989739418029785,0.3012195825576782,874.0451774597168,0.20827412605285645
314,2.4467697143554688,0.3004736304283142,876.5124006271362,0.2076166272163391
315,2.3206233978271484,0.297573447227478,878.8502929210663,0.20695263147354126
316,2.3109993934631348,0.3031162619590759,881.3906488418579,0.20630237460136414
317,2.3251664638519287,0.29831498861312866,883.9566655158997,0.20568521320819855
318,2.9381415843963623,0.29821380972862244,887.120187997818,0.20507144927978516
319,2.3312606811523438,0.29610881209373474,891.6239831447601,0.20446041226387024
320,2.2898099422454834,0.30599695444107056,893.9305438995361,0.20385782420635223
321,2.292046546936035,0.29871976375579834,896.4817066192627,0.20328107476234436
322,2.402759313583374,0.30151039361953735,898.9011454582214,0.20266133546829224
323,2.4124794006347656,0.2973531186580658,901.3428416252136,0.20203524827957153
324,2.9089467525482178,0.30177339911460876,904.2685451507568,0.2014043629169464
325,2.293729066848755,0.28668105602264404,906.5805816650391,0.20075128972530365
326,2.9251291751861572,0.29233360290527344,909.5228989124298,0.2001725435256958
327,2.9268486499786377,0.2914827764034271,914.634868144989,0.19958344101905823
328,2.359579086303711,0.2939748167991638,919.1787450313568,0.19893518090248108
329,2.301867961883545,0.29167696833610535,921.4974827766418,0.19828194379806519
330,2.43355655670166,0.2899145483970642,924.1802296638489,0.1976620852947235
331,2.91825532913208,0.2888335585594177,927.1154389381409,0.19704392552375793
332,2.357494831085205,0.29250335693359375,931.6677105426788,0.1964644491672516
333,2.9126687049865723,0.2891414761543274,934.7723088264465,0.19594360888004303
334,2.370929718017578,0.28495079278945923,939.3405497074127,0.19545908272266388
335,2.338083505630493,0.28667253255844116,941.8586301803589,0.19499343633651733
336,2.325294256210327,0.28808674216270447,944.201005935669,0.19451721012592316
337,2.9373738765716553,0.2804834246635437,947.1554050445557,0.1940535455942154
338,2.3613407611846924,0.2818133533000946,951.6893591880798,0.1936151385307312
339,2.320446014404297,0.28961193561553955,954.1986479759216,0.19339904189109802
340,2.316582202911377,0.287503719329834,956.74400806427,0.1930834949016571
341,2.9359731674194336,0.27764731645584106,959.9137818813324,0.19278976321220398
342,2.316683530807495,0.2860994338989258,962.2478840351105,0.19252794981002808
343,2.3140475749969482,0.2790296673774719,964.5791969299316,0.19222673773765564
344,2.3039283752441406,0.2855464220046997,967.1190075874329,0.1918671429157257
345,2.3259575366973877,0.27023831009864807,969.4622349739075,0.191478431224823
346,2.406569004058838,0.28689420223236084,971.8857350349426,0.1910189986228943
347,2.4275591373443604,0.27679216861724854,974.342179775238,0.19055436551570892
348,2.3151450157165527,0.28267693519592285,976.7843286991119,0.19004890322685242
349,2.3361356258392334,0.28429046273231506,979.1376299858093,0.18952126801013947
350,2.3051791191101074,0.280710369348526,981.4594323635101,0.1888621300458908
351,2.9188878536224365,0.2828579246997833,984.3954820632935,0.18815235793590546
352,2.3469128608703613,0.2761145234107971,988.9328291416168,0.1874951422214508
353,2.313045024871826,0.2692839503288269,991.4502484798431,0.1868753880262375
354,2.297128200531006,0.27715450525283813,993.9858567714691,0.18618419766426086
355,2.9168105125427246,0.2801292836666107,997.1569397449493,0.18548527359962463
356,2.2884979248046875,0.2767096757888794,999.4627556800842,0.18481703102588654
357,2.288412570953369,0.27085942029953003,1002.0132231712341,0.1841791570186615
358,2.3096017837524414,0.2802397310733795,1004.3399596214294,0.18351219594478607
359,2.2879390716552734,0.27786362171173096,1006.6466655731201,0.1829003095626831
360,3.02673602104187,0.2649914026260376,1009.9357800483704,0.18232110142707825
361,2.294656276702881,0.27101486921310425,1012.2486472129822,0.1817382127046585
362,2.315006732940674,0.2680271863937378,1014.5811443328857,0.18117070198059082
363,2.3063457012176514,0.27458083629608154,1016.9055318832397,0.18061506748199463
364,2.3027851581573486,0.2657865881919861,1019.4510309696198,0.180059552192688
365,2.547348737716675,0.272370308637619,1022.2462546825409,0.17952939867973328
366,2.3416249752044678,0.2689714729785919,1027.1623713970184,0.17900243401527405
367,2.3134610652923584,0.2702561616897583,1029.685123205185,0.17847460508346558
368,2.3396708965301514,0.2684961259365082,1032.2623920440674,0.17796596884727478
369,2.4993906021118164,0.2726829946041107,1034.7893919944763,0.17750337719917297
370,2.3140311241149902,0.26625415682792664,1037.1225714683533,0.1770111620426178
371,2.3177406787872314,0.26719188690185547,1039.6760210990906,0.17651253938674927
372,2.309666156768799,0.2674778699874878,1042.0041828155518,0.1760074496269226
373,2.91632342338562,0.266014039516449,1045.160073041916,0.17548272013664246
374,2.358743667602539,0.2558933198451996,1049.71231174469,0.17494317889213562
375,2.3029491901397705,0.26160892844200134,1052.0324461460114,0.17444062232971191
376,2.9131436347961426,0.26110079884529114,1054.96315908432,0.17392100393772125
377,2.411322593688965,0.2635662853717804,1059.5723309516907,0.17342600226402283
378,2.2938475608825684,0.26597464084625244,1062.007851600647,0.17294424772262573
379,2.3016717433929443,0.26363810896873474,1064.3273849487305,0.17247749865055084
380,2.3151605129241943,0.2562873065471649,1066.659569978714,0.17195963859558105
381,2.920646905899048,0.2690863013267517,1069.8144762516022,0.17145344614982605
382,2.3414218425750732,0.25838133692741394,1074.3452236652374,0.17096497118473053
383,2.9003329277038574,0.25460565090179443,1077.4540894031525,0.17048043012619019
384,2.278761863708496,0.2591899335384369,1079.7507061958313,0.17003683745861053
385,2.408109188079834,0.2565026581287384,1082.1790540218353,0.16955266892910004
386,2.405625820159912,0.25863924622535706,1084.732381105423,0.16909369826316833
387,2.299586057662964,0.2531382143497467,1087.0490953922272,0.16866222023963928
388,2.3211004734039307,0.25445032119750977,1089.619936466217,0.16823387145996094
389,2.324941635131836,0.25701799988746643,1091.962141752243,0.16780149936676025
390,2.9518518447875977,0.25139281153678894,1095.1383352279663,0.16737347841262817
391,2.31954026222229,0.26103824377059937,1097.475830078125,0.16698487102985382
392,2.3261289596557617,0.2507430911064148,1100.0317804813385,0.16657835245132446
393,2.335610866546631,0.25325846672058105,1102.3875589370728,0.16615019738674164
394,2.325822591781616,0.2519865036010742,1104.7313313484192,0.16570982336997986
395,2.93371319770813,0.24496227502822876,1107.6828474998474,0.1653207540512085
396,2.306936740875244,0.25227484107017517,1110.0069801807404,0.16492106020450592
397,2.3261802196502686,0.2579449415206909,1112.5755999088287,0.16452065110206604
398,2.2955117225646973,0.2538425624370575,1114.8882894515991,0.16412608325481415
399,2.3006865978240967,0.25008198618888855,1117.206256866455,0.16366341710090637
400,2.4192264080047607,0.25133365392684937,1119.64230966568,0.163182333111763
401,2.3887290954589844,0.2545011043548584,1122.1623265743256,0.16274890303611755
402,2.2906033992767334,0.2539975941181183,1124.4715700149536,0.1623089611530304
403,2.295483112335205,0.24360135197639465,1126.7859466075897,0.16186794638633728
404,2.301441192626953,0.24401137232780457,1129.1040995121002,0.16146501898765564
405,2.9144654273986816,0.2569804787635803,1132.2676100730896,0.16099813580513
406,2.3437089920043945,0.24963395297527313,1136.8090932369232,0.16050145030021667
407,2.2954206466674805,0.2418157309293747,1139.1218116283417,0.15997886657714844
408,2.3062241077423096,0.2463667094707489,1141.6870748996735,0.15949967503547668
409,2.9350290298461914,0.24683140218257904,1144.8731904029846,0.15903443098068237
410,2.3043200969696045,0.24479785561561584,1147.1959338188171,0.1585603505373001
411,2.305665969848633,0.24402332305908203,1149.7483668327332,0.1581195592880249
412,2.3139290809631348,0.24864262342453003,1152.307359457016,0.1577589511871338
413,2.321167469024658,0.24627093970775604,1154.8646869659424,0.15734098851680756
414,2.51542329788208,0.23731639981269836,1157.40105843544,0.15696415305137634
415,2.3015143871307373,0.2457311600446701,1159.720695734024,0.1565721333026886
416,2.3041622638702393,0.23775292932987213,1162.0410137176514,0.15617036819458008
417,2.311274766921997,0.2430505007505417,1164.3692572116852,0.15574385225772858
418,2.326312780380249,0.2411457598209381,1166.7138311862946,0.15531395375728607
419,2.423004388809204,0.23524250090122223,1169.3612077236176,0.15486449003219604
420,2.4358580112457275,0.2422214150428772,1171.9265904426575,0.1543976366519928
421,2.317363739013672,0.23878252506256104,1174.264003753662,0.15392166376113892
422,2.3195860385894775,0.24429845809936523,1176.6015539169312,0.15351635217666626
423,2.3362808227539062,0.24030303955078125,1178.9544563293457,0.1530960202217102
424,2.421570301055908,0.24530144035816193,1181.5901246070862,0.15269432961940765
425,2.38279128074646,0.23892423510551453,1183.9978346824646,0.15226611495018005
426,2.296433687210083,0.24042946100234985,1186.4661066532135,0.15182900428771973
427,2.322643756866455,0.23476234078407288,1188.8064246177673,0.15138602256774902
428,2.318763494491577,0.2445899248123169,1191.3524343967438,0.15097400546073914
429,2.460425853729248,0.23480260372161865,1194.044102191925,0.15054626762866974
430,2.4160821437835693,0.23973947763442993,1196.4875495433807,0.15006621181964874
431,2.312096118927002,0.237699493765831,1198.8184430599213,0.1495703160762787
432,2.3102540969848633,0.23691964149475098,1201.3659045696259,0.1489892303943634
433,2.3047196865081787,0.23311036825180054,1203.9105937480927,0.1483866274356842
434,2.9271740913391113,0.23278212547302246,1206.8560900688171,0.147806316614151
435,2.361752986907959,0.2302231788635254,1211.4014422893524,0.14724475145339966
436,2.329810619354248,0.22539520263671875,1213.9195775985718,0.1467311531305313
437,2.281890630722046,0.22885723412036896,1216.2191932201385,0.1462315320968628
438,2.4485905170440674,0.22769464552402496,1218.6866445541382,0.1457318663597107
439,2.3747334480285645,0.23443996906280518,1221.0866062641144,0.14530569314956665
440,2.29520320892334,0.23132455348968506,1223.400627374649,0.14488983154296875
441,2.3213706016540527,0.23143957555294037,1225.7404971122742,0.14450806379318237
442,2.306518077850342,0.2239851951599121,1228.2756175994873,0.1441565603017807
443,2.413884162902832,0.22372768819332123,1230.936606645584,0.14382189512252808
444,2.3907105922698975,0.2329818308353424,1233.4643173217773,0.14349591732025146
445,2.328108310699463,0.22533538937568665,1235.9568040370941,0.14315542578697205
446,2.3161354064941406,0.2242169976234436,1238.2904117107391,0.14277620613574982
447,2.3062944412231445,0.224127858877182,1240.8307375907898,0.14235760271549225
448,2.931370258331299,0.22730544209480286,1244.0071799755096,0.14192478358745575
449,2.4394969940185547,0.227491557598114,1246.4727201461792,0.14146271347999573
450,2.3211379051208496,0.2237299680709839,1248.9095606803894,0.14099723100662231
451,2.312727689743042,0.22450102865695953,1251.2393908500671,0.14052698016166687
452,2.3098208904266357,0.22226305305957794,1253.5670115947723,0.14008617401123047
453,2.918008327484131,0.2220555692911148,1256.7248594760895,0.1396653950214386
454,2.3026926517486572,0.22763624787330627,1259.0460391044617,0.13927596807479858
455,2.3133645057678223,0.22410210967063904,1261.6066541671753,0.13893206417560577
456,2.3076887130737305,0.22146031260490417,1263.9324762821198,0.1385791301727295
457,2.304593324661255,0.2247844636440277,1266.4801824092865,0.13823756575584412
458,2.9404261112213135,0.22159507870674133,1269.4382410049438,0.13787499070167542
459,2.314030408859253,0.2149011641740799,1271.7700333595276,0.13746824860572815
460,2.3294949531555176,0.22200457751750946,1274.1195361614227,0.13705968856811523
461,2.321669816970825,0.21589919924736023,1276.6611046791077,0.1366390585899353
462,2.311490774154663,0.2235870659351349,1279.2020308971405,0.1361805945634842
463,2.5114638805389404,0.22170577943325043,1281.737987279892,0.1356552541255951
464,2.2916903495788574,0.21917206048965454,1284.0692086219788,0.13515082001686096
465,2.306077241897583,0.21992039680480957,1286.6335651874542,0.1346583068370819
466,2.301591396331787,0.21832191944122314,1289.1796617507935,0.13418667018413544
467,2.9174022674560547,0.21498170495033264,1292.3465275764465,0.133722186088562
468,3.039384365081787,0.22358906269073486,1295.4127128124237,0.13328981399536133
469,2.306405782699585,0.22674787044525146,1297.7367932796478,0.13288040459156036
470,2.286630868911743,0.21783331036567688,1300.0409965515137,0.13246744871139526
471,2.2952911853790283,0.22068502008914948,1302.354748249054,0.1320800632238388
472,2.9141509532928467,0.2173861861228943,1305.288195848465,0.1317112147808075
473,2.3181140422821045,0.22064486145973206,1309.8054778575897,0.1313147097826004
474,2.287294626235962,0.21709740161895752,1312.110203742981,0.13090607523918152
475,2.3029656410217285,0.2190980315208435,1314.4307479858398,0.1304973065853119
476,2.3833677768707275,0.217026948928833,1317.0644264221191,0.13008785247802734
477,2.39911150932312,0.20515519380569458,1319.6302349567413,0.12968294322490692
478,2.30967116355896,0.2052457332611084,1321.9587934017181,0.1293116807937622
479,2.33512806892395,0.21168100833892822,1324.3131811618805,0.12897014617919922
480,2.3290953636169434,0.2117404341697693,1326.660532951355,0.12863922119140625
481,2.445446729660034,0.21199139952659607,1329.1231393814087,0.12832698225975037
482,3.092203378677368,0.20942722260951996,1332.2382929325104,0.12798871099948883
483,2.3341879844665527,0.20544880628585815,1334.5915222167969,0.12769992649555206
484,2.9154725074768066,0.21373498439788818,1337.7260715961456,0.12740394473075867
485,2.308746337890625,0.20722636580467224,1340.0544092655182,0.1271018385887146
486,2.9398412704467773,0.20291990041732788,1343.012427330017,0.12676912546157837
487,2.402188539505005,0.20827354490756989,1345.4378073215485,0.12637677788734436
488,2.328355312347412,0.19941237568855286,1347.7863688468933,0.12599651515483856
489,2.311701774597168,0.2133977711200714,1350.1258449554443,0.12569311261177063
490,2.318350315093994,0.20405244827270508,1352.4623339176178,0.12540015578269958
491,2.9582364559173584,0.20248547196388245,1355.6533045768738,0.1250983476638794
492,2.322024345397949,0.20168127119541168,1360.1312284469604,0.12472496181726456
493,2.293001890182495,0.2042398452758789,1362.4436433315277,0.12434886395931244
494,2.3204610347747803,0.20400549471378326,1364.7820854187012,0.12392136454582214
495,2.4393961429595947,0.2046792209148407,1367.2396314144135,0.1234966367483139
496,2.363602876663208,0.20908606052398682,1369.7146701812744,0.12307620048522949
497,2.309107780456543,0.20738694071769714,1372.21054148674,0.12271866202354431
498,2.298419952392578,0.20162737369537354,1374.526785850525,0.12236714363098145
499,2.3063337802886963,0.1985735297203064,1377.0843110084534,0.12197509407997131
